ID,WORD,TRANSLATION,COMMENT
1,slag off ,poner podre,(BrE)
2,reek,"tufo, apestar",Riech in German
3,go berserk,ponerse como una fiera,go crazy
4,dicey,"arriesgado, peligroso",risky
5,at large,anda suelto,English
6,a wedge issue,asunto controversial,three words
7,nub,"meollo, quid",gist/guid
8,lease,arrendar/alquilar,English
9,conudrum,enigma/misterio,Pl. conundra
10,nefarious,perverso/malvado,English
11,flummoxed,desconcertado/confundido,English
12,flout,despreciar/desobedecer,English
13,quiver,temblar,shudder
14,bad temper,mal carácter,English
15,pounce,abalanzarse,jump upon prey
16,slobber,babear,drooling intensely
17,mangy,"sarnoso, mezquino",desgastado
18,turtle-dove,tortolito,English
19,tingle,hormigueo,feel prickly sensation
20,warthog,jabalí africano,wild boar with tusks
21,tusk,colmillo,English
22,murky,turbio/oscuro,English
23,hog,glotón/cerdo/acaparar,English
24,hedge,seto/cobertura,English
25,grovel,postrarse/humillarse,English
26,gravel,gravilla,English
27,dawdle,entrenerse /perder el tiempo move without haste,English
28,latch on,"atraído, subirse al carro",Attracted/clingy
29,pry,impertinente,noisy/intrusive
30,egg plant/beet,berenjena,English
31,furlough,military leave/permit,English
32,in the throes of,en la agonía/penas,English
33,chipmunk,tipo de ardilla con rayas/squirrel,English
34,rue,lamentar/compadecerse,English
35,jeer,mofarse de/abuchear,Boo at
36,snitch,informer/chivato,whistleblower
37,swoop,descender en picado,English
38,drab,"apagado, soso",English
39,yearn,long for,English
40,influence peddling,tráfico de influencias,English
41,raid,redada,English
42,stifle,reprimir,English
43,qualm,reparo,English
44,pry,husmear/fisgonear,Verb
45,perks,ventajas,English
46,tributary,afluente,English
47,rail against,despotraticar,criticise harshly (phrasal verb)
48,lapel,solapa,English
49,proxy,poder,English
50,bunk,litera,English
51,stingy,tacaño,English
52,craving,antojo,English
53,conjure up,"evocar, traer a la mente",Phrasal verb/evoke/summon
54,co-signer,avalista,English
55,make a killing,forrarse,English
56,pet peeve,manía,English
57,yank,tirar fuerte,pull strongly  on
58,ham up,sobreactuar,English
59,outlook,perspectiva,English
60,fan out,dispersarse,English
61,jellyfish,medusa,English
62,bleak,"desalentador, oscuro",English
63,tarp,lona,English
64,top-notch,de primera,English
65,slick,suave,"De movimiento, actuación"
66,dainty,"mono,elegante",English
67,haphazard,"caótico, desordendo",English
68,tarp,lona,English
69,awning,toldo,English
70,home improvements,bricolaje,DIY
71,upholster,tapizar,English
72,round ticket ,viaje de ida y vuelta,AmE
73,return ticket ,ida y vuelta,BrE
74,catch off-guard,pillar desprevenido,Sb. phrasal verb
75,tailgate,drive closely behind,English
76,do in,exhaust,English
77,bode,presagiar,English
78,lousy,pésimo,English
79,creep out,asustar,Phrasal verb
80,fling,Tirar,throw/cast 2.affaire/flung
81,hit it off,llevarse bien/hacer migas,Phrsal verb
82,rubble,debris/escombros,English
83,stowaway,polizón,English
84,act up,actuar de forma extraña,Phrasal verb
85,kiss up,hacer la pelota,ass-licking
86,lop off,cut,English
87,rack,tendedero,English
88,take on,contratar,Phrasal verb
89,put under,dormir/sedar,English
90,let on,dar prenda/revelar info,Phrasal verb
91,usher,acomodador,English
92,flipchart,bloc de notas/pizarra,English
93,dingy,"sucio, raído",shabby
94,hurl,tirar algo con fuerza,Throw with force
95,mink,bisón,English
96,lewd,lujurioso/lascivo,English
97,bromide,trivialidad,English
98,morbid,morbo,English
99,flip-flopper,chaquetero,English
100,chuck out,mandar a paseo,"throw away, Phrasal verb"
101,scathing,"feroz,cruel",Adjetivo
102,seedy, de mala fama,"sleazy, adjetivo"
103,pout,"complain, poner morros",English
104,spitting image,viva imagen,English
105,handspring,flip-flap,English
106,scrawny,flacucho,English
107,tattered,"arrapiento, raído",English
108,round-off,rondada,English
109,pail,bucket,English
110,white coat,bata de lab coat,English
111,shovel,spade,English
112,drying rack,tendedero,English
113,conniving,"conspirador,confabulador", Scheming
114,gorge,atiborrarse,Reflexive on/at
115,rubble,escombros,rock remains / debris
116,lewd,lascivo,lud
117,sulky,malhumorado,Eg. teenager
118,tell-tale,delatante,English
119,pander,"complacer, hacer la pelota",try to please sb
120,foraging,ir en busca de comida,English
121,on pins and needles,"in suspense, excited",English
122,slab of granite,losa/bloque,English
123,gutsy,con agallas,English
124,scales,escamas,piel=flake
125,burrow,madriguera,English
126,furrow,"surco, ranura (trench)",English
127,trample,tread heavily/crush pisotear,English
128,lightweight,a person who gets drunk easily,English
129,budding,"incipiente, en ciernes",English
130,soppy,sentimentaloide,UK
131,soapy,empalagoso,English
132,thump,hit sth hard/punch,English
133,pledge,promise,English
134,underpin,supports,English
135,state of wretchedness,miserable state,English
136,hull,casco (h^l),English
137,throng,crowd,English
138,dangle,hang loosely,English
139,sheath,vaina,English
140,bouncer,"portero, segurata",English
141,stretcher,camilla,Gurney
142,baulk,refuse,balk
143,upholstery,tapiceria,English
144,dashboard,salpicadero,English
145,glove box,guantera,English
146,gash,"raja, tajo, injury",English
147,gush,salir a borbotones/hablar,con entusiasmo/English
148,bickering,petty arguments (riñas),English
149,scab,costra,English
150,pushpin,chincheta,thumbtack
151,thumbnail,miniatura,English
152,manger ,pesebre,(meind3er)
153,snare,cepo/animal trap,English
154,wedge,meter,English
155,grim,sombrío,English
156,beguiling,enchanting,English
157,hearse,(hers)=coche fúnebre,English
158,hearth,fireplace,English
159,belittle,menospreciar,English
160,dainty,"exquisito, refinado",English
161,hag,ugly old woman;arpía,English
162,reel,tambalearse;dar vueltas,English
163,berate,scold,English
164,belated,happy belated birthday,English
165,assess,appraise=evaluate,English
166,schackles,restraints/cadenas,English
167,normalcy,(n) normal,English
168,relaxation,(n) relax,English
169,cough up,apoquinar (uk.slang),English
170,peaky,"paliducha, enferma (uk)",English
171,balaclava,pasamontaña.,English
172,slag off,criticar (uk),English
173,stunted growth,crecimiento retardado,English
174,ragtag,variado/hetereogéneo,motley-assorted
175,bead,"piece of jewellery,abalorio",English
176,shawl,"chal, mantón",English
177,purvey,provide/purveyour,English
178,get the munchies,antojo,English
179,ledge,saliente/repisa,English
180,chair lift,teleferico,English
181,dot.dot.dot,points/periods of ellipsis,English
182,slack off,bunk off,English
183,anchor down,fijar,English
184,stand pat,stand firm,English
185,orderly,celador,English
186,wanton,sin sentido,English
187,wantonness,"extravagant, random",English
188,weary,tired,English
189,rife,abundante/widespread,speculation/English
190,show-off,fantasma,English
191,HOA,home owners association,English
192,lash out,attack verbally,English
193,harass,acosar,English
194,sling,throw,English
195,rub shoulders,hobnob/codearse,English
196,phase in/out,introducir progresivamente,[/z/]English
197,leap year,bisiesto,English
198,wary,"receloso, precavido",English
199,strife,luchar;struggle,English
200,caveat,['kaeviaet] advertencia,English
201,rig,amañar/manipular,"(it was rigged=tongo) 1= install,set up"
202,frantic,desesperado; frenetico,English
203,bequeath,leave in will = give,English
204,wreak,bring about= cause to happen = infligir,English
205,pucker,"fruncir, doblar; pucker your lips",English
206,chickpea,guisante,English
207,leek,puerro,English
208,avocado,aguacate,English
209,rich,"empalogoso, indigesto, pesada",English
210,barring,prep. exceptuando,English
211,bummer,us. rollo,English
212,have your work cut out,sudar la gota gorda,difficult/English
213,moss,musgo,English
214,curly braces,corchetes,English
215,teeming with,abundant,English
216,calf,1 ternero 2= calves;gemelos,English
217,bellows,fuelle/grito/mugir,English
218,take a stab,intento,English
219,grit,gravilla|2.determinacion,2.determination/agallas/mota English
220,veer of,swerve,English
221,toating,reventa,English
222,fare-dodging,"no pagar el metro, etc",English
223,hang around,juntarse con/holgazanear,English
224,froth,foam,English
225,at behest of,como mandato/orden,English
226,verbatim,textualmente,(bei)
227,mop head,hortensia,English
228,fern,helecho,English
229,light-headed,dizzy,English
230,silicone,silikeun= silicona,English
231,silicon,siliken= silicio,English
232,referral,derivación/referencia,English
233,calf,pantorilla/gemelos,English
234,shin,espinilla/era,English
235,unsubstantiated,no comprobado/corroborado,English
236,conjoined twins,siameses,English
237,oversight,1.descuido2.vigilancia,English
238,manhole cover,tapa de alcantarilla,English
239,cumbersome,torpe;difícil de manajar,English
240,cumbersome,cumbersome burden,English
241,uncanny,strange/raro/sorprendente,English
242,vested interest,interés particular,English
243,huddled,crowded,English
244,daunting,abrumador/acogedor,English
245,pew,banco de iglesia,English
246,privy,1.conocer/2.letrina,English
247,demeanor,US. behaviour,English
248,reductive,reduccionista,reductionist-English
249,ambience,atmosphere,English
250,tooth veneer,fundas,English
251,set ablaze,set on fire,English
252,spool of string,reel,English
253,hundreds&thousands,virutas,English
254,tumbleweed,matojo rodante,English
255,come to grips,understand,English
256,gnawing,"nagging:constante, feeling",English
257,bury the lede,start story with secondary events,lead
258,gauze,gasa médica,English
259,c-section,cesárea,caesarean
260,appeal,recurrir,English
261,break even,salir a cuentas,English
262,cramp,calambre,English
263,take a stab,intento,English
264,soot,ollín,English
265,uphold,mantener,uphold your end of the bargain
266,foregone,inevitable,it's a foregone conclusion
267,envisage,imaginar/prever,in'vizid3
268,wallow,regodearse,dwell
269,bash,vapulear,criticize severely
270,embezzlement,malversación,misappropiation/fraud
271,twiddle,fiddle idly with,juguetear
272,beget,engendra,begot/begat-begotten
273,bespeak,denotes,indicates
274,tweak,modify slightly,alteración
275,hang back,draw back from,hung/hung;retroceder
276,take up with,start keeping company of,he's taken up with a very undesirable crew
277,dismal,dark and drepressing,a dismal few months
278,toe the line,conform/ponerse las pilas,conform to a rule
279,foolproof,it cannot go wrong,a prueba de tontos
280,touch and go,precarious/unpredictable,a touch and go situation
281,foregone,certain to happen,inevitable
282,slushy,sensiblero,2.melted
283,on the cusp,on the threshold,cusp-cúspide
284,stir up,provoke/incite,provocar
285,daunting,intimidador/sobrecogedor,daunted
286,chuck in,uk.quit doing,uk
287,rabbit on,uk.talk incessantly,uk
288,tantrum,rabieta,p. tandrem
289,groin,ingle,ingle
290,easel,cabellete de pintura,artist
291,trestle,caballete de obra,English
292,adamant,insistente/firme,he was adamant in his refusal
293,zeal,fervor/entusiasmo,fervor/enthusiasm
294,zealous,passionate,supporting an idea passionately
295,lore,sabiduría popular,folk wisdom
296,quell,quash/quench,sofocar
297,rousing,stirring/emocionante,stirring
298,ransack,pluner/pillage,saquear
299,squander,waste on st,derrochar
300,AWOL,absent without leave,ausentado sin permiso
301,skillet,Am.E frying pan,sartén
302,whorl,spiral/espiral,w3rl
303,writhe,squirm/twist in pain,retorcerse
304,arraign,procesar/enjuciar,take to court
305,husk,cáscara/shell,outer shell
306,portly,corupuleto/grueso,English
307,condo,Us.bloque de apartamentos,condominium
308,demist,desempañar,clear vapour from window
309,hay fever,alergia la polen,English
310,wry,irony,dry/witty.English
311,enamel,esmalte,nail enamel
312,henchman,secuaz/seguidor,sidekick/English
313,car jack,gato,jack up/subir
314,catcall,abuchear/jeer,English
315,dowry,dote/dower,Bride's money
316,plush,felpa,English
317,jaundice,ictericia,English
318,stump,muñón,English
319,slug,babosa,English
320,implement,piece of equipment,English
321,prong,spike of a fork,English
322,girth,contorno/circumference,English
323,fluff,sin valor/de relleno/trivial,English
324,teeny,tiny,English
325,garner,reunir/obtener,gather/earn
326,wholesome,moralmente íntegro/de bien,English
327,eddy,remolino/torbellino,English
328,wake,estela(water),track of waves
329,meandering,serpenteante,English
330,badger,pester/incordiar/tejón,English
331,lime,cal,English
332,mechanical pencil,lead pencil,Portaminas
333,skunk,mofeta,English
334,shred,tira/hacer tiras,"piece,strip"
335,fern,helecho,English
336,snub,desdeñar/deairar,snubbed
337,squabble,"quarrel,arque",English
338,ladle,cucharón sopera,English
339,cartwheel,voltereta lateral,English
340,clove,a clove/diente of garlic,English
341,wane,declinar/menguar,English
342,stork,cigüeña,English
343,bludgeon,aporrear/club/cudgel,English
344,elk,alce,English
345,staff,pentagrama,Pl. staves
346,sawdust,serín,English
347,barricade,barrera,English
348,helmsman,timonel,English
349,earwig,tijereta/insecto,English
350,commiserations,conmiseraciones/sympathy,English
351,cleave,1.split/2.stick fast to,English
352,graze,rozar/scrape,English
353,hamper,US. cesto ropa sucia,English
354,stale,rancio/viejo,English
355,etch,engrave/grabar,English
356,roil,swirl/agitarse,Enturbiarse/English
357,vitroceramic hob,vitroceramic cooktop,English
358,starter,apetizer,English
359,disheveled,dishevelled/unkempt,Desaliñado/English
360,squint,mirar de reojo,entrecerrar los ojos
361,marshal,(v)reunir,English
362,hasten,apresurar/purar,English
363,wean off,destetar/desenganchar,English
364,lukewarm,tibio/tibia,English
365,barge in,interrumpir/colarse,English
366,lodge,stuck,English
367,cherry pick,manipular selection,English
368,rye,centeno,English
369,lye,NaOH/sosa,English
370,behooves,VI. be good/necessary,incumbir/it x you to watch your language
371,glare,angry look/fulminante,English
372,glaze over,mirada indiferente,English
373,steadfast,firme/acérrimo/inalterable,English
374,meek,dócil/manso/sumiso,English
375,raffle,rifa,English
376,scamper,corretear,English
377,disgruntled,dissatisfied/disgutado,English
378,tug,tirar/pull/yank/tow,English
379,truss up,tie,English
380,batch,lote/tanda/remesa,English
381,dip into,break into,Empezar a usar ahorros
382,haunch,hip/patas traseras,caderas
383,skimpy,escaso/revelador,English
384,one-night stand,rollo de una noche,English
385,high-handedness,arbitrariedad/prepotencia,using power or authority whithout considering the feeling of others
386,haughty,altanero/pretotente,disdainful
387,frills,florituras,English
388,sachet,sugar sachet/bolsita,English
389,eave,cornisa/alero,English
390,guffaw,carcajada/loud laughter,English
391,tawdry,sórdido/chabacano,gaudy/tasteless/English
392,bawdy,obsceno/lascivo,English
393,morning coat,chaqué,English
394,shun,evitar/rehuír,English
395,starch,almidón,English
396,midwife,matrona,English
397,roving,itinerante/deambulante,English
398,akin to,similar to,English
399,piggyback,montar/ir a caballito,English
400,umpire,"árbitro tennis,etc",Englih
401,shuttlecock,volante bádminton,English
402,pendant,colgante,English
403,brooch,broche/Breutch/,English
404,pleated,funcido/plegado,English
405,stocky,fornido,English
406,toiletries,productos de aseo,grooming products
407,thunderclap,trueno,English
408,toxic effluent,vertido,English
409,bolt food down,enguillir,English
410,sickly,empalagoso,English
411,stodgy,comida pesada,English
412,budgerigar,periquito,English
413,nudge,codazo/empujón,English
414,stance,posture,English
415,strew,scatter,Strew-strewed-strewn
416,call for,requerir,This calls for a beer
417,shirk,eludir/vaguear,a duty;evade
418,knead,amasar/hendir,dough
419,dull,atenuar,sound/pain ((v)
420,stub,hit your toe painfully,English
421,bloating,hinchando/inflando,English
422,scammer,estafador,English
423,spinning top,peonza,English
424,slough off,desahacerse/shed skin,English
425,taunt,tease/burlarse,English
426,acquiesce,presentarse/consentir,English
427,overbearing,prepotente,English
428,comeuppance,merecedido,English
429,artichoke,alcachofa,English
430,girdle,faja,English
431,pothole,bache,English
432,rough patch,bache económico,English
433,bearing,rodamiento,English
434,light-hearted,desenfadado/not serious,English
435,leeway,margen/amplitud,margin/allowance
436,to the brim,to the rafters,English
437,surmise,conjeturar/deduce/suponer,English
438,escargot,snail as food,English-French
439,cufflinks,gemelos,English
440,nursing,enfermería,Healthcare studies
441,touted,mentada/promocionada,highly touted
442,stub out, put out a cigarrette,English
443,flippers,aletas bucear,swim fins/English
444,hash out,work hard to negotiate,English
445,pan out,result/dar resultado,English
446,live down,get over/superaar vergüenza,English
447,zipline,tirolina,English
448,squirm,retorcerse/liberarse,English
449,size up,evaluate/study,English
450,anesthetist,anestesista,anísthetist
451,adenoids,adenoides/vegataciones,English
452,toff,posh,English
453,cockles,berberechos,English
454,scythe,guadaña/saith,English
455,sickle,hoz,English
456,undergrowth,maleza,English
457,crane,grulla,English
458,grub,larva/(v)excavar,gr^b/English
459,elope,fugarse,English
460,pan,criticise harshly,English; panned by the critics
461,zuchinni,calabacín,courgette
462,drop off,dormir,English/doze off
463,soggy,1.empadado/2.pastoso,English;bedraggle:make sth soggy and dirty
464,glower,matar con la mirada,English
465,outward flight,vuelo de salida,English
466,paucity,escasez,English
467,tally with,coincidir con,English
468,wayward,obstinado/caprichoso,Wilful
469,self-same,mismo,Engklish
470,potted version,resumido,English
471,run amok,ir alocadamente,English
472,dead heat,draw/tie/emptate,English
473,flaunt,show off,English/flaunt your wealth
474,slump,flop down/desplomarse,couch/prices
475,take a dim view,mirar con malos ojos,disapprove of
476,wear sb down,convince through exhaustion,English
477,prude,mojigato/puritano,English
478,crass,coarse/de mal gusto/stupid,crass comment/crass assumption
479,sap,1.sabia|2.minar/debilitar,English
480,wheelbarrow,carretilla,English
481,untenable,insostenible/indefendible,English
482,hefty,importate/considerable,English
483,perky,cheerful/cheerleader-like,English
484,crease,arrugar/plegar,English
485,overhaul,revisar/reparar,English/revamp
486,pungent,1.olor acre/2.sarcástico,áspero/picante-English
487,hound,acosar/perseguir,dog/English
488,earmark,señalado para un uso,Emglish
489,be bowled over,estar atónito/impresionado,English
490,trifle with,tratar a la ligera,English
491,to couch,expresar/insinuar,(v)
492,indict,acusar/imputar,in'dait/English
493,construe as,interpretar,English
494,buffet,zarandear/golpear,(v)
495,reprieve,indultar,Repriiv/pardon
496,be swamped with,abrumado/overloaded,English
497,tithe,diezmo,English
498,busk,actuar en la calle,English
499,pore over,peruse/leer atentamente,English
500,cog,cogwheel/diente/rueda dentada,English
501,dab,dar golpecitos,English
502,rapacious,rapaz/greedy,English
503,subpoena,summons/citación,S@b'pi:n@
504,shunt,push aside/cambiar de via,English
505,insurmountable,insalvable/insuperable,English
506,stalwart,leal/fiel,Loyal supporter
507,dowdy,desaliñado/frumpy,English
508,level-headed,racional/snesible,English
509,scrape through,aprobar por los pelos,English
510,bollard,bolardo,pylon/stanchion
511,sappy,sensiblero,English
512,cooped up,recluído/encerrado,English-Bran
513,lackey,lacayo,servant
514,ponderous,agotador/pesado,tiresome/heavy
515,snivel,lloriquear,English
516,fitting,appropriate,English
517,whelp,chaval/cachorro,(v)Parir
518,stilts,zancos,English
519,ire,ira,aier/rouse ire
520,glum,triste/melancólico,miserable
521,eviscerate,destripar/aniquilar,disembowel/gut
522,prune,pasa/2.podar,English/to prune something away
523,impudent,insolente,rude
524,tallow,sebo/grasa,English
525,foray,incursión militar,English
526,penchant,prone to/afición,inclinación
527,mewl,gimotear,whimping
528,bawl,llorar a gritos,English
529,oaf,zoquete,English
530,corn,callos de los pies,English
531,quandary,dilema/kwa,English
532,prickly,quisquilloso/enojadizo,English
533,harrowing,desgarrador/horrible,distressing
534,dock,deducir/descontar,(v)
535,fleetingly,fugazmente,smile/think/see/recall
536,thimble,dedal,English
537,knock it off,stop it!,parar terminar
538,rattle off,decir de un tirón,English
539,flak,crítica,English
540,passbook,cartilla,bankbook
541,salacious,salaz/lascivo,Lewd
542,flock,reunir/gather,English
543,heartburn,acidez estómago,English
544,ram,carnero/male sheep,English/mutton
545,wherewithal,medios,werewi'thal
546,briches,calzones/breeches,calzones
547,canvas,lona(material),lienzo
548,rim,edge/llanta de coche,English
549,squalor,suciedad/mugre,English/s'kwal@r
550,cock-up,fracaso/desastre,uk.slang
551,propriety,decoro/modales,English
552,come about,come to be,English
553,ravenous,voraz/hambriento,English
554,sheepishly,avergonzadamente,English
555,sidle in,entrar furtivamente/sideways,English
556,denture,dentadura postiza,English
557,bask,disfrutar/echarse,sun/light
558,put paid to,finish off,put an end/stop to
559,dunk,mojar/dip,dip into liquids
560,flint,sílex,English
561,sound out,sondear/tantear,Sb. phrasal verb
562,slovenly,descuidado/desaliñado,English
563,assail,attack,Engoish
564,eke out,racionar,eke out a living ganarse la vida a duras penas
565,ravage,devastar/hacer estragos,English
566,buffet,golpe,hit
567,straggler,rezagado,race
568,plod,walk slowly,trudge
569,disparage,hablar mal/menospreciar,speak badly of/belittle
570,overblown,pretencioso/exagerado,bombastic
571,deride,mofarse/burlarse,deirision
572,snarl up,atascar tráfico,get snarled up in traffic
573,spleen,bazo/2.bad temper,English
574,dank,cold and damp/cool,English
575,jarring,discordante/chirriante,disturbing/unpleasant
576,scowl,frown angrily,English
577,carrion,carroña,decomposing flesh/carrion bird
578,dung,manure/estiércol,English
579,perfunctory,superficial/indiferente,hasty/careless
580,debauch,corromper,di'bo:ch
581,harbinger,presagio/señal/heraldo,English
582,sagging,caido/flojo,techo
583,tirade,diatriba/alegato/remark,English
584,trounces,derrotar,English
585,leap,leapt-leapt,leaped
586,to be loath to,reluctant,English
587,tantamount to,equivalent,English
588,flaky,excentrico/unreliable,Phoebe
589,chapstick,barra de cacao,English
590,mulch,compost/abono,English-manure
591,turtleneck,cuello cisne/vuelto,English
592,turf,terreno/territorio,English
593,lampoon,burlarse/mock,English
594,stymied,obstaculizado,English
595,overkill,exagerado,English
596,buzzard,gavilán,English
597,sleuth,detective,Detective
598,stance,postura intelectual,English
599,fleeting,fugaz/breve,English
600,mar,marred/dañado,English/Painting
601,barge,bote/barcaza,English
602,kennel,perrera,English
603,clinch a deal,close a deal,English
604,streamline,restructurar/racionalizar,English
605,winced,estremecerse,[wins]shudder/flinch
606,upend,overturn/derrocar,English
607,dodgy,sospechoso/turbio,inmoral
608,houndstooth,pata de gallo,pattern
609,lavish,generoso,English
610,girder,viga/supporting beam,English
611,vie for,rivalizar/competir,vying for
612,vat,tine/tub/cuba,English
613,brokerage,correduría,English
614,bereaved,afligido,when you lost sb
615,pill/bobble,bolitas,fabric/my sweater is bobbling
616,ledger,libro de contabilidad,accounting book
617,cleats,zapatos de fútbol/tacos,English
618,on approval,en periodo de prueba,buy on approval
619,antsy,ansioso/inquieto,anxious
620,lash,azotar/golpea,wave
621,gyre,giro,giro/vortex
622,upshot,resultado,English
623,butt in,interrumpir,English-barge in
624,endearing,lovely/encantador,English
625,bequest,herencia/legado,will/bequeath:leave will
626,lowdown,toda la verdad/información,(on)
627,run/ladder,carrera medias,English
628,umpteenth,enésimo/a,English
629,clapperboard,claqueta cine,English
630,come out with,(say)salirse/venir con,English
631,sneer,burla/mueca/scorn,English
632,recant,retractarse,take back/withdraw
633,trot out,ensartar/recitar,English
634,mire,fango/quedar atascado,English
635,truancy,absentismo escolar,English
636,lob,lanzar en arco,tennis high/English
637,asunder,por separado,English
638,avail,hacer uso/servir,English-reflexive
639,dabble in,interesarse por algo,English
640,hone,afilar/sharpen,English-blade
641,prone,boca abajo,English
642,fraught with,tenso/cargado de/lleno,English
643,skid,derrapar,English
644,amble,stroll,leisurely pace
645,bunion,juanete,b^nion
646,bland,soso/poco estimulante,English
647,scrapheap,desguace,basura metal
648,snug,cozy/close-fitting,English
649,saggy,flácido,English
650,dry up,quedarse en blanco/callarse,English
651,also-ran,segundón/perdedor,English
652,plank,tablón de mader,English
653,unenviable,envy,WF
654,stagger,tambalearse,walk unsteadily
655,slink,escabullierse,English-slunk-slunk
656,trudge,caminata/walk heavily,English
657,trundle,rodar/on wheels,move slowly
658,strut,pavonearse,walk proudly
659,loiter,dawdle/holgazanear,lounge
660,ghastly,horrible/pálido,cadavérico and dreaful
661,whir,spin noisily,English/insect/helicopter
662,pamper,mimar,English
663,outlay,spend/gasto,English
664,kink,vuelta/manía,torcedura/English
665,clutch,hold firmly,English
666,skive,bunk off,English
667,lush,exhuberante/frondoso,English
668,chug,drink in large gulps,English
669,ulna,cúbito and radius,English
670,unassailable,inexpugnable,English
671,alimony,pensión alimenticia,comyugal
672,leer,mirada lasciva,lustful look
673,seep,filtrarse/leak,also info
674,derelict,ruinoso/abandonado,English
675,in preference to,rather than,English
676,morouse,gloomy/taciturno,lúgubre/malhumorado
677,bane,ruina/perdición,English
678,jitter,be nervous,English
679,chuffed,uk. pleased,English
680,slate, uk. critisize,English
681,reams,lots,English
682,vet,revise,English
683,slack,suelto/flojo,English
684,hard-wearing,resistente/duradero,English
685,gallows,hora,English
686,naff,UK.slang. tacky,unfashionable/old/English
687,proselytize,try to attract converts,English
688,heave,tirar/lanzar/vomitar,heaves:arcadas/retch 
689,squelch,chapotear,English
690,gobble,engullir/deborar,English
691,stray,apartarse/desviarse,English
692,wraith,espectro/ghost,English
693,hew,taller/cortar,hewn
694,fudge,falsear/amañar,1.caramel/confection/slang
695,stand in good stead,servirle a uno,English
696,leastways,de todos modos,English/not to mention
697,scrub,cancelar/suspender,Emglish
698,sojourn,Estancia/estar temporalmente,English
699,thicket,mattorral/undergrowth,English
700,collar bone,clavícula,breastbone: esternón/English
701,underscore,guion bajo,English
702,elective,optativa,Subject
703,contention,point,English
704,jostle,push/shove,Empujar
705,dangle,hanging/colgando,English
706,taut,tight/firme,English
707,pointedly,explícitamente,English
708,blight,desgracia/plaga,English
709,plight,apuro/prieto,English
710,stoop,encorvarse,English
711,tart,uk.pejorative,English-zorra
712,din,escándalo/estruendo,English
713,overwrought,alterado/estresadp,Ro:t
714,enmeshed,tangled up/enredado,English
715,noose,lazo de horca,English
716,yam,batata/boniato,sweet potato
717,skittish,asustadiza,English
718,impose on sb,abusar/aprovecharse,take advantage
719,teeter,totter/wooble,teeter-totter
720,prop,lean/support,English/propped up against the wall
721,mope,sulk/desanimarse,English
722,fluster,aturullado/poner nervioso,English
723,mirth,alegría,English
724,prep,prepare,English
725,mildew,moho/mould,English
726,reproach,reproche,English
727,slog,effort,English
728,jaunt,excursion/trip,outing
729,scabies,sarna/escabiosis,English
730,endearment,affection,English
731,croft,hamlet/village,English
732,sow,female pig/sau,sau
733,instep,empeine,English
734,wimpy,debilucho/tímido,English
735,tuck,meter,English
736,unrequited,not mutual,un-re-kwaited
737,shack,chabola/barraca,English-crude house
738,gunk,mugre/pringue,English
739,chive,cebolleta,English
740,volley of,descarga/lluvia,arrows.English
741,in cahoots with, en complot,choots:delicuentes
742,fickle,voluble,English
743,whack,hit,English
744,jinx,gafe/maldicion,English
745,haymaker,golpe directo,English
746,raucous,ronco/ruidoso,roks
747,squeamish,remilgado,English
748,trickle,chorrito/goteo,slow stream
749,hail from,be from,English
750,contrivance,device/artilugio,English
751,accrue,acumular,English
752,slink,creep up to/move stealthily,English-slunk-slunk
753,lackadaisical,distraido/languido,English-student
754,bedpan,bacinilla,English
755,jumping jack,star jumps,tijera
756,stickler (for),insistente/tiquismiquis,English
757,bygones,pasado,let bygones be bygones
758,lark,alondra/bird,English
759,rebus,juego jerogífico,English
760,dress down,tell off/admonish,English/reñir
761,bamboozle,engañar/desorientar,English
762,haberdashery,mercería/notions,haberdasher:mercero
763,uptake,absorción,uptake of:use of
764,intersperse,intercalar,English
765,plushie,stuffed toy/soft toy,cuddly toy
766,grotto,secret cave/gruta,Santa's grotto
767,tinder,yesca,dry stuff to make fire
768,crank,manivela/cigüeñal,alt.cranky
769,muzzle,bozal,English
770,tinsel,espumillón/oropel,Christmas decoration
771,remittance,giro/remesa,English
772,impinge on,impactar/infringir,English
773,equivocal,ambíguo/equívoco,English
774,irrespective of,regardless,English
775,rote learning,memorización,English
776,felt,fieltro,sheet of felt
777,baldly,bluntly/directly,English-bald:llano/simple
778,plaintiff,demandante,English
779,well-to-do,acomodada,well-to-do neighbourhood
780,well-nigh,almost,English
781,banister,handrail,English
782,foolhardy,reckless,English
783,chicanery,trickery,Artimañas
784,blurb,publicidad en la tapa,libro
785,sleet,aguanieve,Granizo US
786,perspicuous,perspicuo,clear in meaning
787,rickety,desvencijado/tambaleante,English
788,rut,surco/rollo,stuck in a rut: rutina/the rut: celo
789,ominous,ominoso/bad sign,threatening
790,windfall,unexpected money,English
791,undertow,resaca marina/2.poso,implicit quality that leaves a feeling
792,porpoise,marsopa,kind of dolphin
793,ashen,very pale,English
794,destitute,very poor/indigente,English
795,keen,very sharp/afilado,English
796,chap,agrietar,lips/sking
797,chatterbox,very talktative,English
798,tepid,tibio/lukewarm,English
799,dearth,lack/escasez,English
800,surfeit,surplus/abundacia,English
801,brood,camada,English
802,nettle,ortiga/irritar,English/stinging plant
803,indispensable,imprescindible,essential
804,hearten,animar,heartened
805,nougat,turrón,nuga/'nugat
806,sieve,colador fino,/siv/ to have a mind/memory like a sieve
807,teetotal,adj. abstemio,teetotaller
808,queasy,mareado/indispuesto,sick
809,inconsequential,intrascendente,English
810,nab,atrapar/mangar,slang
811,mellifluous,melifluo/smooth,honey
812,prod,poke/empuje/codazo,English
813,hobnob,rub shoulders,Codearse
814,partridge,perdiz,Game bird
815,percolates,filtrase,percolates up/down
816,tenable,sostenible/mantenible,op. untenable
817,frond,hoja de palma/helecho,fern leaf
818,bereft,despojado/desprovisto,devoid of/deprived of
819,drudge,esclavo,sb who does menial work
820,horse around,hacer barullo/tonterías,clown around
821,bib,babero,English
822,snarl,gruñir,English- get snarled up in traffic: get stuck
823,intuit,intuir,English
824,scurry,scamper/apresurarse,English
825,huddle up,acurrucarse/apretarse,gather
826,trove,tesoro escondido,English
827,guile,artimaña,beguile:embaucar
828,hubris,orgullo desmedido,hiubris
829,smear,untar,English
830,take issue,disagree,English
831,take exception to,get offended,English
832,boon,beneficio,English
833,spree,juerga,English
834,heft,peso/bulk,English
835,extraneous,supérfluo,English
836,chump,bobalicón,English
837,wrangle,pelear por,discutir-English
838,nix,prohibir/rechazar,ban/turn down-flights nixed
839,barley,cebada,English
840,fib,white-small lie/mentirijilla,English
841,swivel,pivotar/girar,English
842,shibboleth,dogma anticuado,English
843,foist,imponer,impose
844,jut out,sobresalir/stick out,English
845,dunce,zoquete/burro,d^ns
846,rapt,adj. cautivado/embelasado,a rapt listener
847,prissy,remilgado/puritano,English
848,whinge,whine/complain,English
849,bog down,empatanar/dificultar,English
850,accrue,devengar,English
851,waiver,exención/dispensa de pago,English
852,goldfinch,jilguero,English
853,broach,bring up,English
854,haggard,demacrado,English
855,frazzle,cansar/agotar,English
856,dudgeon,ira,English
857,outline,esquema,English
858,fluff,relleno/pelusa,English-extra
859,commonality,cosa en común,shared feature
860,scuttle,plan-echar por tierra/run fast,English
861,ancillary,secundario,English
862,tenure,antiguedad/experiencia,English
863,assuage,allay/aliviar/mitigar,asweich
864,slag,escoria/fulana,English
865,morsel,bocado,English
866,tuft,mechón,fluffy clump
867,thrum,rasgar/tamborilear,make a rhytmic sound
868,yew tree,tejo,evergreen tree
869,cottage industry,industria artesanal,English
870,riled up,como loco/angry,English
871,saunter,leisurely walk,English
872,snivel,lloriquear,English
873,nonage,minoría de edad,Unmündigkeit
874,urchin,erizo de mar,"3:tchin-rascal, pillo"
875,rust,óxido,noun
876,shingle,teja/guijarro/piece,English
877,sapling,retoño,young tree
878,rustling,"sonido crujiente, susurro",leaves
879,nicker,relinchar,horse
880,knackered,uk. hecho polvo,slang
881,gutted,uk. destrozado,abatido
882,brooding,pensativo,English
883,spar,discutir,English
884,deadpan,impávido/straight face,English
885,smut,grosería/indecencia,English
886,parched,very dry/sediento,English
887,squalid,very dirty,English
888,gaunt,very thin,cadavérico
889,cutthroat,despiadado,ruthless
890,renege on ,incumplir,promesa/sth
891,mandarin neck,cuello mao,a
892,cob,corncob-mazorca,maíz
893,quarry,cantera,English
894,twitch,tic/retorcerse,English
895,echelon,escalón/nivel,Eshelon
896,custard,natilla,English
897,hubris,excessive pride,Greek term of excessive pride that causes downfall
898,uncouth,basto/zafio,English
899,swaddle,wrap up tightly/envolver,English
900,opprobium,oprobio/desgracia,English
901,strike out,independizarse,Strike out on his own/Destetar
902,pluck up the courage,armarse de valor,English
903,priggish,mojigato/puritano,English
904,stub,resguardo/talón de recibo,small artcile
905,cut-off mark,nota de corte,English/grade
906,to temper,ser trabajador temporal,I'm tempering
907,woo,attract/lure,English
908,thrush,mirlo/tordo,English
909,riveting,fascinating,English
910,suction pad,ventosa,English
911,sludge,lodo/barro,snow+mud
912,wad,pile/fajo de billetes,English
913,scowl,angry frown,English
914,hobble,walk ith a limp,walking
915,proceeds,ganancias/frutos,English
916,stint,periodo/temporada,English
917,shanty town,barrio de chabolas,shack
918,clique,hermandad/exclusive group,English
919,odometer,milometer=/cuentaquilómetros,English
920,gushy,fusivo,English
921,gooey,empalagosa/pegajosa,English
922,grate,rechinar/chirriar,it grates on the ear
923,graze,pastar/scrape/rozar,cows graze
924,jangle,tintineo,"metallic sound, keys coins"
925,glean,averiguar/cosechar,English
926,muddle,confundir/hacer lio,English
927,lunge,arremeter/embestir,English
928,yob,rascal,English
929,thyme,tomillo,English/[taim]
930,tad,poco,small amount
931,scrap ,desestimar,eg. a plan
932,awash,inundado/lleno,English
933,muse,think about/consider,English
934,fluke,suerte/chiripa,English
935,aegis,amparo/tutela,i:llis
936,fallow,barbecho/sin actividad,English
937,hold sway,dominar,English
938,bassoon,fagot,English
939,sear,burn|scorch,English
940,lob,lanzar alto con arco,English
941,suppleness,Flexibilidad,English
942,hopscotch,juego,colegio
943,grapple,luchar/forcejear,English
944,ombudsman,defensor del pueblo,Eng
945,licorice,regaliz,English
946,inveterate,compulsive,English
947,gout,gota,gaut
948,well up,emocionarse,English
949,sweltering hot,scorching,scorhing hot
950,buck a deal,Reject,turn down
951,steeple,torre iglesia,puntiaguda
952,dredge up,sacar a la luz,English
953,NDA,non-disclosure a.,agreement
954,plead with,beg/beseech,Eng
955,flounder,lenguado/struggle,English
956,galore,abundancia,English
957,dandruff,flaky scalp/caspa,English
958,scurf,caspa/scurfy,English
959,watershed,turning point,English
960,feckless,inútil/irresponable,English
961,foible,manía/pto. débil,English
962,goad,provocar/incitar,English
963,extol,alabar,English
964,mahogany,caoba,English
965,putter,potter/matar tiempo,Engish
966,vaulting box,potro,vauult
967,newt,tritón,English
968,barter,negociar/trueque,Canjear/English
969,fleece,lana/desplumar,English
970,chevron,galón,English
971,onus,duty/burden,English
972,heirloom,reliquia familiar,English
973,plaid,a cuadros,plad
974,libel,difamación,ENGLISH
975,stow,guardar,English
976,abreast,de lado a lado,keep abreast/estar al corriente
977,disparaging,ofensivo,hablar mal de
978,gander,ganso/vistazo,English
979,scourge,azote/mal,English
980,assay,assessment,English
981,shrapnel,metralla,English
982,snag,drawback,English
983,bleachers,on the stand,gradasi
984,hilt,empuñadura,handle.sword
985,pansy,a wuss,blandengue
986,pen,corral,English
987,starling,estornino,English
988,dud,porquería/fiasco,English
989,boat neck, cuello barco,English
990,strapless,palabra de honor,English
991,rowdy,alboratados,teens/kids
992,float,carroza desfile,English
993,raving,delirio,English
994,tassel,borla,English
995,miser,stingy,ungenerous
996,brocade,brocado,English
997,gumption,coraje,English
998,stringent,rigurous,English
999,rugged,resistente/robusto,English
1000,bough,rama,bau
1001,waiver,exencion de pago,English
1002,glib,fácil/superficial,English
1003,cogent,convincing,English
1004,nonchalant,despreocupad,English
1005,blithe,despreocupado,happy
1006,snub,disrespect,English
1007,gait,paso/andares,English
1008,musty,que huele a humedad,English
1009,bugle,corneta,English
1010,mut,mongrel/mestizo,Palleiro
1011,tubby,panzón,English
1012,scruffle,pelea/disputa,English
1013,chunter,decir entre dientes,English
1014,pillory,ridiculizar,English
1015,bramble,zarza,English
1016,foreboding,premonición,English
1017,stalemate,empate/p.muerto,English
1018,alacrity,celeridad/entusiasmo,English
1019,besmirch,mancillar,English
1020,spout,boquilla/pitorro,English
1021,culvert,alcantarilla tubo,ca
1022,egregious,ofensivo,remarks
1023,jolt,sacudida,shock
1024,pack in,give up,English
1025,daub,untar en,Spread
1026,downtrodden,oprimodo/pisoteado,English
1027,a tall order,challenge,English
1028,keep tabs on,monitor,English
1029,averse to,reacio/contrario,English
1030,belie,oculta/falsa impresión,English
1031,dishevelled,desaliñado,unkempt/sh
1032,dill,eneldo,English
1033,ullage,merma/tanque,English
1034,rhinestone,pedrería,English
1035,berth,bunk bed,atraque
1036,get wind of,hear a rumour,English
1037,blustery,ventoso,tempestoso
1038,singe,chamuscar bordes,English
1039,cop out,escurrir el bulto,English
1040,stack up,compare,English
1041,sift,colar/filtrar,"arena,etc"
1042,fawn,baby deer,cervatillo
1043,conflate,mezclar,trevor
1044,coddle,pamper,mimar
1045,ivy,hiedra,English
1046,wren,chocín,bird
1047,gawk,gawp/gape,Stare
1048,miffed,angry,English
1049,run the gamut,por todo el rango,gamut:escala
1050,maven,experto,us
1051,wax and wane,da altos y bajos,inglés
1052,standoffish,distante/engreido,ingles
1053,cheek by jowl,very closely together,English
1054,jowl,carrillo/papada,jaul - English
1055,regale,entertain,Englishgeil
1056,puny,exiguo/diminuto,English
1057,hoe,azada/sachar,"hoes,hose"
1058,handcuffs,restraints,English
1059,trowel,paleta,traul/small spade
1060,askance,con recelo/de reojo,English
1061,inning,vuelta/oportunidad,E
1062,pointblank,a quemarropa/blunt,English
1063,piecemeal,fragmemetado,por partes
1064,graft,injertar,plants
1065,heron,garza,long-legged wading bird
1066,aghast,espantado,English shocked
1067,do for,acabar con/kill,"English, smoking will do for him"
1068,thrum,aleteo/cuerdas,helicopter
1069,sluice,esclusa,water gate
1070,taint,perineo,English
1071,clunky,torpe/cumbersome,English
1072,shrew,harpía/musaraña,English
1073,lofty,elevado/tono pedante,English
1074,conspicuous,claro/notable,noticeable
1075,fringe,flequillo,English
1076,lathe,torno,English
1077,coast,vaguear/pasar,pasar por lo mínimo
1078,avowedly,públicamente,abiertamente
1079,keel over,dar un patatús,English
1080,gaudy,chillón,color
1081,estranged,separado,English
1082,fritter,spend idle time,English
1083,sconce,candelero,English
1084,ilk,índole/tipo,English
1085,brawny,musculoso/fornido,English
1086,rev up,acelerar/girar,English
1087,hovel,casucha,English
1088,hem and haw,titubeando,English
1089,huddle up,acurrucarse,English
1090,disgruntled,contrariado,English
1091,clout,fame&influence,power/English
1092,edgewise,sideways,English
1093,runt,enano,the runt in the litter
1094,lopsided,desequilibrado,English
1095,loaf,vaguear,English
1096,collywobbles,escalofrios,English
1097,swig,trago largo,gulp
1098,smother,asfixiar,English
1099,on the double,fast,military
1100,unfettered,not shackled,un-fettered
1101,slum,bajón/caída,English
1102,mooch,deambular/gorronear,English
1103,muck around,trastear,fiddle with
1104,cantankerous,cascarrabias,English
1105,tap out,give up,English
1106,flag,flaquear,English
1107,totter,tambalearse,English
1108,lend credence,parece confirmar,English
1109,zinger,salida cómica,English
1110,testy,irritable,English
1111,snide,sarcástico,English
1112,fret,worry/be upset,English
1113,lumber,walk heavily,plod
1114,twine,cordel/entrelazar,intertwine
1115,grifter,swindler,estafador
1116,scrunch,apretujado,crujir
1117,brash,descarado/atrevido,English
1118,pleather,cuero artificial,English
1119,ewe,female sheep,cordera
1120,slump,desplomado/desparramado,English
1121,scourer,estropajo,scour
1122,protracted,prolongued,extended time
1123,tanner,curtidor,leather manufacturer
1124,garrison,guarnecer/acuartelar,English
1125,sliver,astilla,English
1126,jet,azabache,English
1127,scrawl,scribble,"doodle, garabatearEnglish"
1128,slouch,encobarse,English
1129,chime in,meter baza,enter a discussion
1130,abet,incitar/inducir,ser cómplice de/English
1131,frisk,searched by police,English
1132,gaslight,luz de gas,English
1133,bedlam,caos/manicomio,English
1134,belly flop,planchazo,English
1135,half light,dim light at dusk,or dawn
1136,cinch,pan comido,it's a cinch
1137,hoard,hacer acopio,masks
1138,hoar,hoarfrost/escarcha,English
1139,waft,flotar/vaporoso,smell/draught
1140,chime,sonar,English
1141,scoff,burlarse/menosprecio,English
1142,shingles,herpes zoster,English
1143,bungle,hacer una chapuza,incompetecia
1144,bile,bilis,digestive juice
1145,niggle,complaint,English
1146,wheeze,resollar,breathe with difficulty
1147,sash,banda,miss universe
1148,offal,vísceras,English
1149,scout,explorar,scouting
1150,tuber,tubérculo,English
1151,grouchy,gruñón,grumpy
1152,wash up,traido marea,English
1153,reefer smoker,weed,English
1154,sheer,transparent/liso,English
1155,wisp,mechón/hilo,English
1156,peat,turba fuego,English
1157,specious, especioso,spi-shs/plausible pero falso
1158,hobble,walk with limp,English
1159,caulk,sellador,/ko:k/
1160,cloy,empalagar,English
1161,snippy,cortante/atttiude,English
1162,attest,testicar,English
1163,slash,rajar,English
1164,tote,carry/bag,English
1165,stubble,2daybeard,English
1166,quip,salida/witty remark,English
1167,airbrushed,photoshopped,English
1168,unabashedly,libre/sin temor,without worrying about criticism
1169,rout,derrota contundente,English
1170,sprawling,en extensión/creciente,English
1171,flimsy,endeble,English
1172,debauchery,libertinaje/desenfreno,English!
1173,daze,aturdir,English
1174,besotted,coladito por,infatuated
1175,doleful,triste,sorrowful
1176,harangue,sermonear,rant;arengar
1177,dour,melancólico,"gloomy,sullen"
1178,dupe,engañar,deceive
1179,officious,entrometido,meddling
1180,scrumptious,delocioso,English
1181,chit,un vale,English/ficha
1182,clampdown,medias drasticas,English
1183,dastardly,evil/malévolo,English
1184,caper,travesura/aventura,English
1185,vig,vigorish/comisión,English
1186,hickey,lovebite,English
1187,piecemeal,gradualmente/fragmentado,English
1188,suds,pompas jabón,English
1189,addled,confundido/aturdido,English
1190,buxom,rechoncho,Plump
1191,furtherance,fomento/promoción,English
1192,outstanding,pendiente,por pagar
1193,flustured,aturullado,English
1194,auspicious,favorable/próspero,English
1195,retributivism,retribucionismo,English
1196,ore,mena/mineral,English
1197,cuss out,maldecir,English
1198,ply,capa,2ply tissue
1199,fawn,adular/beige,cervatillo
1200,gander,vistazo/take a gander,male goose
1201,gripe,cólico/queja/quejarse,gripe about
1202,death knell,sentencia de muerte,sound the death knell - campana
1203,thrash about,revolverse/golpes,golpes con brazos y piernas
1204,bauble,baratija,trinket
1205,harangue,sermonear/arengar,ng
1206,wonderment,asombro,awe
1207,brazen,descarado,brazen disregard
1208,off the cuff,improvisado,English
1209,stoke,avivar,stir up
1210,crank up,redoblar esfuerzos,manivela
1211,scuttle,escabullirse,move hurriedly
1212,mangrove,manglar,twisted rooted trees
1213,straddle,cubrir/extenderse,sentarse a horcajadas
1214,dupe,trick/engañar,djup dup
1215,board up,cerrar/entablar,English
1216,hopscotch,rayuela,English
1217,quince,membrillo,quins
1218,clobber,machacar,English
1219,chaperone,carabina,English
1220,pang,espasmo/dolor agudo,hunger pang
1221,haul,arrastrar/carretar,hol
1222,lilo,colchoneta agua,lailou/beach/pool float
1223,lay,balada/poema medieval,English
1224,gambit,estrategia,apertura/gambito
1225,nutmeg,nuez moscada/caño,fútbol caño
1226,coriander,cilantro,English
1227,bide and time,esperar al momento justo,bode
1228,dally,dawdle,Entretenerse
1229,bleat,quejarse,sheep sound
1230,flub,blunder/botch,English
1231,gleam,glow faintly,gleam/glow
1232,sill,alféizar,Window sill
1233,foyer,lobby/vestíbulo,English
1234,fixture,elemento fijo/ fitted,English
1235,tote,US. bolso/bolsa maleta,English
1236,escrow,depositar,fideicomiso
1237,growth spurt,estirón,English
1238,porthole,Claraboya,English
1239,upcycle,repurpose,English
1240,slag,desecho/uk fulana,English
1241,swat,aplastar/pegar,"bee, al suelo etc"
1242,zest,cáscara/placer,English
1243,rambunctious,revoltoso/ruidoso,boisterous
1244,batter,masa/mezcla,English
1245,cackle,reírse a carcajadas,English
1246,breadwinner,que se gana el pan,English
1247,hemlock,cicuta,English
1248,half-cocked,sin pensarlo mucho,English
1249,knocked up,pregnant,English
1250,goblet,cáliz/copa,English
1251,pinafore,full-length apron,mandilón 
1252,frilly,con volantes,ruffled
1253,fumble,ser torpe/hurgar,drop the ball
1254,tuckerd-out,US.exhausted,tucker agotar
1255,nescient,ignorant,English
1256,lavish,very fancy,English
1257,drudge,trabajo pesado,como esclavo/menial
1258,swat,pegar/cachete,hit swiftly
1259,livid,furious,English
1260,mete,repartir,measure out
1261,scanty,"excaso, exiguo",English
1262,assortment,diversidad,English
1263,tousle,ruffle,English
1264,ogle,stare lustfully,English
1265,plaice,flat fish,English
1266,hare to,rush/hurry,English
1267,ham,guasón/sobreactuado,English
1268,staple,the important part,English
1269,staple,the important part,English
1270,hoarfrost,escarcha,hoar
1271,carat,quilate,English
1272,chute,conducto/rampa/salto agua,English
1273,sitch,state of affairs. us,English
1274,unfazed,"impávido, sin inmutarse",fazed: bother
1275,grand stands,gradas,English
1276,hie,apresurarse ,English
1277,cladding,revestimiento,English
1278,shoddy,"cutre, de baja calidad",shabby
1279,blow raspberry,hacer pedorretas,English
1280,crassness,"grosería, chabacanería",English
1281,sundry,variados,English
1282,happenstance,casualidad/chance,English
1283,bluff,acantilado cliff,English
1284,pliable,maleable,English
1285,marauder,"saqueador, mereodeador",English
1286,efficacious,eficaz,English
1287,hobble,cojear/restringir,English
1288,sputter,"chisporrotear,pulverizar",English
1289,fulcrum,punto de apoyo,English
1290,shrill,estridente/chillón/gritar,English
1291,spay,castrar,"neuter, castrate"
1292,sneaky,discreta ,surreptitious
1293,glib,elocuente insincero,English
1294,clasp,"cierre, hands",English
1295,dinghy,bote inflable din-Gi,English
1296,attrition,"erosión, arrepentimiento",English
1297,bawdy,obsceno,bawdyness
1298,taunt,burlar,tease
1299,brig,prisión barco,English
1300,white-knuckled ,aterrador / trepidante ,English
1301,salvage,salvar/rescatar,English
1302,citizenry,ciudadanía ,English
1303,rustle up,make something quickly,English
1304,fiddly,"complejo, difícil",requiring dexterity
1305,stepford,"obediente,conformista",the stepford wives
1306,hot mess,desastre,English
1307,brimstone,azufre/tormento,fire and brimstone
1308,padding,cushioning relleno,word padding
1309,spar,discutir pelear,English
1310,hamstring,"incapacitar, hamstrung",hamstrung: 
1311,forfeiture,"incautación, decomiso",English
1312,luscious,"voluptuous, attractive",English
1313,fondle,acariciar con cariño,English
1314,dribs and drabs,small amount,English
1315,ingenue,role of young girl,and3enu
1316,horndog,salido,English
1317,go round the bend,go crazy,English
1318,overawed,intimidado,English
1319,brash,"atrevido,impudente",descarada
1320,worrywart,un agonías ,English
1321,platitude,cliché,platitiud
1322,heifer,Young cow,h3fer
1323,pitcher,jug/jarra us,English
1324,tailspin,go into a tailspin,caer en picado
1325,libation,libación,pour wine
1326,cronyism,amiguismo/enchufe,English
1327,hit a slump,sufrir un bajón,English
1328,a powder keg,polvorín ,English
1329,accord,conceder,English
1330,ravage,estrago/deterioro,English
1331,laity,legos/laicos,people not part of clergy
1332,venality,venalidad/corrupto,ser susceptible de ser corrupto
1333,alderman,city councillor,English
1334,bespoke,a medida,bespoke shoes
1335,fritter,despilfarrar/malgastar,buñuelo also
1336,bespoke,a medida,bespoke shoes
1337,crunch time,hora de la verdad,period with pressure to succeed
1338,spry,with life,adjective
1339,to wit,es decir,that is
1340,shack,chabola,English
1341,fumble,agarrar con torpeza ,fumble the ball
1342,broach,sacar a colacion/bring up,brooch broche 
1343,gnat,mosquito,English
1344,irk,irritar,irksome
1345,musty,huele a moho,smelling of mould
1346,wistful,"nostalgic, melancólico",English
1347,wad up,enrollar,wad fajo/ wad up paper
1348,rub off on,quedarse pegado/contagiar,rub off limpiar
1349,ditzy,foolish/stupid,English
1350,tussle,fight,scuffle
1351,outlier,caso aparte,it's such an oulier
1352,Dole out ,repartir,Dole out the roles
1353,gruesome,repugnante/horripilante,English
1354,interred ,enterrado,
1355,stanchion,postes de protección,
1356,cull,sacrificar/matar,
1357,inane,"silly, pointless",inano
1358,hustler,embaucador/diligente/prostitute,English
1359,side hustle,trabajo a mayores,English
1360,scour,rastrear/peinar/fregar,scourer
1361,matronly,señorona,English
1362,despondent,abatido,English
1363,test,test,English
1364,skein,madeja/lana,coiled wool
1365,slew of,un montón,slue/voltearse
1366,wryly,irónicamente,wry:dry / irony
1367,wakeful,desvelado,English
1368,pining,añorando,English
1369,scrooge,tacaño/mezquino,English
1370,Scream blue murder,angry fit,"idiom, three words"
1371,runoff,escorrentía/waste,segunda vuelta in politics
1372,brazen,descarado/desvergonzado,shameless
1373,cavort,tontear/ligar,k'vorts
1374,drop trou,bajarse lo pantalones,us. trau
1375,taper off,estrecharse/disiparse,English
1376,skedaddle,salir pintando,English
1377,lint,hebra/pelusa,English
1378,self-effacing,discreto/pasa desapercibido,English
1379,efface,borrar/tapar,English
1380,sniffy,estirado/engreído ,English
1381,bray,rebuzno/donkey,hee-haw
1382,vim,vigor,vim and vigor 
1383,billow,inflar/nube,English
1384,mooch off,gorrón/gorroneando,of
1385,zesty,ácido/cítrico/enérgico ,English
1386,chilblain,sabañones,English
1387,cajole,"camelar, persuadir",English
1388,risk life and limb,risk everything,English
1389,apiary,colmenar,English
1390,sprawl,"espatarrarse, extenderse",English
1391,ridge,cresta/montaña,English
1392,frazzled,extenuado/agotado,English
1393,traipse,walk slowly,English
1394,newfangled,"de moda , peyorativo",English
1395,ensconsced,envuelto,English
1396,unprepossessing,poco atractivo,English/soso
1397,gab,parloteO,English
1398,welt,roncha & hives,sarpullido
1399,fodder,"pienso, carne de cañón",piltrafa
1400,seven-a-side football,fútbol siete,English
1401,tidbit,"mordisco, cotilleo",English
1402,undercut,undermine/menospreciar,English
1403,brine,salmuera,English
1404,edict,"mandato, edicto",English
1405,tot up,add up,English
1406,blackbird,mirlo,English
1407,reliance,confianza,English
1408,whelm,"anegar,sepultar","engulf,surge of water"
1409,lull,calma,English
1410,wistfully,melancólicamente,English
1411,fender bender,small collision,English
1412,ebb and flow,flujo y reflujo,English
1413,spatula,espumadera,English
1414,trough,Bebedero/comedero/depresión,traf
1415,expound,explain in detail and length,English
1416,tut,chasquear la lenguauk,English
1417,flit,revoletear butterfly,English
1418,flit,rebolotear,English
1419,makeshift ,improvisado/temporal,English
1420,curdle,cortase/cuajar,leche
1421,sea bass,lubina,/Bas/
1422,chide,"scold,reprimand",English
1423,glibness,falta de seriedad/flippancy,English
1424,trowel,"pala, paleta jardín ",trauel
1425,bower,"pérgola, arco arbóreo ",bauer
1426,upkeep,mantenimiento,English
1427,foolhardy,reckless,English
1428,blithely,alegremente,English
1429,stilted,poco natural/stiff,unnatural/zanco
1430,wring,retorcer/escurrir,wrung wrung
1431,propound,proponer,English
1432,stump,dejar sin palabras,boquiabierto
1433,Fag hag,mariliendres,English
1434,tossup,fifty-fifty/undecided,English
1435,LARPing,juegos de rol,English
1436,c-suite position ,ejecutivo primer nivel,English
1437,arrears,"atrasos,demora",English
1438,debase,"degradar,corromper",English
1439,leave in the lurch,dejar en la estacada,idiom sb
1440,hairy situation,dangerous ,English
1441,veer,"virar,giras",English
1442,sobriquet,nickname,seubrikei
1443,sobriquet,nickname,seubrikei
1444,run-of-the-mill ,"average, genérico ",English
1445,august,prestigioso,English
1446,limber,"flexible,agil",English
1447,boatswain,bosun/contramaestre barco,English
1448,wiseacre,smartasd/sabelotodo ,English
1449,tinderbox,polvorín,tinder:yesca
1450,measley,meager;miserable,insignificante 
1451,dreg,"posos,sobras",dregs of society 
1452,panache,"estilo,garbo",English
1453,fortitude,"strength,fortaleza",English
1454,veranda,"porche,galería ",English
1455,banged up,machacada,bruised or damaged
1456,ruched,fruncido,rusht
1457,mush mouth,"incoherente, slurring ",English
1458,stint,periodo/escatimar ,don't stint on the booze/be sparing
1459,groaning,ruido dolor,English
1460,slurping,sorber ruido,English
1461,unencumbered ,sin cargas,unencumbered opinion
1462,spurn,rechazar,English
1463,mummer,mime artist/mimo,English
1464,don,ponerse/put on,also catedrático 
1465,rickety,shaky/delipidated,English
1466,fissure ,"crack, fisura ",English
1467,whoosh,rushing sound,short u
1468,show sb the ropes,show the inner workings(job),eoi
1469,paltry,"irrisorio, insignificante ",English
1470,wily,astuto,/waily/
1471,hanker,crave,English
1472,encroach,"traspasar, infringir ",English
1473,leverage,"hacer uso de,valerse de",apalancar
1474,fresh as a daisy,fresco como una lechuga,English
1475,white hart,ciervo blanco male,English
1476,obeisance ,"referencia,homenaje",English
1477,assail,attack,English
1478,succor,"help, socorro",English
1479,tug,pull,English
1480,thwart,"frustrar, boicotear ",English
1481,"whinge,winge",complain,short I/ wind3
1482,squeamishness ,"recelo, aprensión ",English
1483,all-or-none,todos o ninguno (adj),English
1484,pilfer,hurtar,steal in small amounts 
1485,hobgoblin,"duende, trasgo",hob
1486,self-effacement ,humildad,English
1487,squall,"borrasca,chillido",English
1488,pelt,"bombardear, arrojar/pieles",bombard
1489,belabour,"insistir,atacar",English
1490,double over,"doblarse, pain/laughter",English
1491,scoundrel,sinvergüenza ,English
1492,salt of the earth,good person,English
1493,facetiously,de broma,fe'sishesli
1494,peeohole,mirilla,English
1495,jowl,carrillo,English
1496,cheek by jowl,close together ,English
1497,wince,flinch ;. recoil; doblarse,wins
1498,brittle,frágil ,English
1499,shifty,sospechoso,dodgy
1500,swathe,loads/sweith,English
1501,treasure trove,tesoro oculto/colección ,English
1502,grates on the ear,"chirría, molesta",English
1503,edict,mandato,i:dikt
1504,splay ,"extenderse, abrir piernas",English
1505,muddle,"mesas, desorden ",English
1506,thrash,hit/move uncontrollably ,English
1507,slog,"esfuerzo,trabajo duro",English
1508,hew,cortar/ajustarse,English
1509,begrudge,envidiar,English
1510,take a rain check ,go on another occasion ,English
1511,shoo-in,Candidato a ganar,English
1512,dross,basura,English
1513,mayhaps,archaic maybe,English
1514,todger,pene,English
1515,skedaddle ,"scoot, pirarae",English
1516,weigh in on,give an opinion,English
1517,churlish,rude,English
1518,pallor,paleness,English
1519,fumble ,drop the ball/torpeza,English
1520,dowel,"clavija, taco",small.rod 
1521,thoughtful,detallista,English
1522,berth,litera tren/barco,English
1523,dog in a manger,perro del hortelano ,ni come ni deja comer
1524,umbrella stand,paragüero ,English
1525,hale,sano,English
1526,spay,castrar,English
1527,gob,"boca, escupir, montón ",English
1528,jaunty ,"vivaz,alegre",jaunty music
1529,fennel,"hinojo,fiincho",English
1530,hackneyed ,cliché/trillado,"haák,niid"
1531,bank run,corralito,English
1532,venus flytrap,planta carnivora,English
1533,dead ringer for,lo más parecido,English
1534,rambunctious ,revoltoso/boisterous ,English
1535,hew,tallar,hiu
1536,orchard,huerto árboles frutales,ocherd
1537,pansy ,pensamiento flower/marica,English
1538,neck gaiter,neck warmer,geitah
1539,limber up,calentar cuerpo,limber: flexible y ágil 
1540,scowl,fruncir el sueño ,English
1541,denizen,"habitante, morador",English
1542,gut-wrenching,devastador,"a wrench,:tortura"
1543,bide your time,esperar el momentoo,English
1544,knockers,breasts,slang
1545,acrimonious ,"resentido, amargado",English
1546,obstreperous ,"alborotador, escandaloso",English
1547,divvy up,"dividir, repartir ",English
1548,billow,inflarse con el viento,clouds too
1549,trough,lowest point; bebedero,trof
1550,an outlier,caso aparte /discordante,English
1551,gavel,"mazo,martillo","gaeval , judges mallet"
1552,sputter,escupetear,English
1553,limerick,5line humorous poem,English
1554,bailor,consignador,bailee
1555,chortle,laugh with restraint ,English
1556,gumption ,"coraje, agallas",English
1557,nape,nuca. literary,English
1558,admittedly ,"I must confess, cierto es q",English
1559,upend,"volcar, cambiar drásticamente ",English
1560,interleaved,intercalado ,English
1561,bog down,"enredarse, empantanarse",difficulty
1562,blemish,"defect, imperfección mancha",English
1563,save for,except for,dated
1564,waist cincher,"corset, girdle",English
1565,mum's the word ,be silent,English
1566,pick a bone with ,dispute,Phrasal verb sb
1567,purchasing power,poder adquisitivo ,English
1568,bludgeon,golpear con porra,English
1569,seedy,sórdido cutre,English
1570,sycophant ,adulador,English
1571,obsequious ,"obsecuente, sumiso",English
1572,pinion,pluma del ala,English
1573,nerf,"weaken, diminish power",English
1574,swift ,vencejo,English
1575,flub,drop the ball/fallar,English
1576,vim,energía vigor,vim and vigor 
1577,feckless,"ineficaz, inútil ",English
1578,newt,tritón ,salamander
1579,cleaver,cuchillo carnicero ,English
1580,chaps,pantalón vaquero cowboy ,English
1581,drudgery,trabajo arduo,English
1582,talk shop,hablar del trabajo,English
1583,surreptitiously ,a escondidas ,English
1584,apricity ,warmth of the sun in winter,obsolete 
1585,shoo,ahuyentar/fuera,English
1586,wild goose chase,pointless search,English
1587,fool's errand,pointless endeavour ,English
1588,a blind alley,foolish course of action ,English
1589,chow down on,zampar US,English
1590,truancy,absence from school ,English
1591,braggart,fanfarrón ,English
1592,joist,viga pequeña ,English
1593,traipse ,walk slowly,English
1594,whipsaw,vaivén ,English
1595,faze ,desconcertado,English
1596,jalopy,"cacharro, tartana coche",jelópi
1597,whimsical,"extravagante , caprichoso,fun",English
1598,trump,outdo/outperforms,sobrepasar
1599,belabor,insistir/atacar,English
1600,fruitlessly ,infructuosamente ,English
1601,stymie,thwart/hinder,staimi/obstaculizar 
1602,shoehorn,meter con calzador,English
1603,gussy up,decorate,us English 
1604,flub,meter la pata/fallar,botch/blunder/fail
1605,wrong'un,Bad person,wrong one
1606,floored,atonadodo,English
1607,yarn,lana/hilo,ball of yarn/historia
1608,cookie cutter ,molde galletas ,English
1609,guardrails ,"guardarail, Barreras!",English
1610,set square,escuadra,"try square, cartabón"
1611,tarn,lago de montaña ,English
1612,ridge ,cresta montaña ,English
1613,bridleway,camino equestre,horses have right of way
1614,cask ale,cerveza de barril,English
1615,misnomer ,nombre poco apropiado ,English
1616,affray,"rellerta, trifulca crimen ",English
1617,bob,sube y baja,English
1618,heartwarming ,reconfortante ,English
1619,at askance,con recelo/de reojo,English
1620,hoodwink,embaucar ,English
1621,taper off,estrecharse,English
1622,stick in my craw,se me atraganta/reluctant,English
1623,gall,irritar/irritante,galling irrationality 
1624,gall,irritar/irritante,galling irrationality 
1625,giddy ,atolondrado/emocionado,English
1626,comber,big surfing wave/curly,koumer
1627,last-ditch attempt,desesperado,English
1628,provenance,origin,English
1629,slovenly,descuidado ,work or appearance 
1630,attrition,"desgaste, erosion",gradual wear down
1631,ungainly ,torpe,clumsy + awkward
1632,bellend,capullo,bell end/jerk
1633,nonce,pedófilo ,bre slang
1634,deign,dignarse,dated
1635,keep abreast,mantenerse actualizado ,English
1636,bellhop,botones US,English
1637,self-effacing ,"discreto, molesto",English
1638,crass,"vulgar, grosero ",English
1639,quibble about,objección menor,English
1640,wad up,enrollar/doblar,paper sheets
1641,chaperon,adulto acompañante ,English
1642,chasm,"abismo,sima",kazm
1643,newfangled ,"de moda, peyorativo ",English
1644,trough,"bebedero, abrevadero ",trof
1645,leave of absence ,excendencia,unpaid leave 
1646,redress ,"corregir, rectificar",English
1647,avast,alto! stop maritimo,dated
1648,bullion,lingote,gold
1649,worn to the bone,super exhausted ,English
1650,countenance ,"face, visage, favour, support ",English
1651,gall,descaro,English
1652,fess up,confesar/admitir,English
1653,nook,rincón ,English
1654,backdrop,contexto/trasfondo ,English
1655,brig,"mazmorra, calabozo",English
1656,we're quits,We're even,Idiom
1657,whipper-snapper,mocoso entitled,English
1658,subservient,subordinado a / subservient to,servil
1659,flat out,completamente/a full,outright/downright
1660,zephyr,"céfiro, viento ligero","sefer, gentle wind "
1661,rattle,sonajero,English
1662,gripe,"cólico, queja molestia ",have a gripe
1663,disenfranchised ,quitar derechos,English
1664,keg,barril cervezA,English
1665,rager,"kegger, fiesta uni/high scool",English
1666,cerulean,azul claro,English
1667,flake on,dejar plantado,stand sb up/ f on sb
1668,blow off,"disrespect, ignore",English
1669,nip,pop/short time,brE
1670,zero in on,hyper focus,English
1671,blow through sth,finish quickly,EG BAG of chips
1672,chalk up to,Put it down to,attribute it to 
1673,bring yourself to ,atreverse a algo,English
1674,wolf down,engullir ,English
1675,fell,talar,English
1676,rake it in,make money,English
1677,bashful,timido,English
1678,sanguine,alegre,gwin cheerful
1679,touchy,quisquilloso,English
1680,phlegmatic ,apático,English
1681,pansy,marica,English
1682,nifty ,"chulo, genial, excelente ",English
1683,bereft of,deprived of ,"carente de, despojado "
1684,shill,"señuelo, cómplice estafa",English
1685,soothsayer,adivino,English
1686,allotment,"parcela,huerto",English
1687,jaded,"saturado, candado",English
1688,hickory ,nogal americano/pacana,English
1689,corrugated ,ondulado,having ridges 
1690,weave,"serpentear, zigzaguear",English
1691,swot up (on),empollar UK study ,English
1692,think up ,come up with,English
1693,linchpin,"eje, centro de cambio ",English
1694,yeoman,"beefeeter royal, propietario rural",propietario rural
1695,roisterer,"juerguista, alborotador",English
1696,forego,do without/dejar ir oportunidad ,English
1697,cram,empollar,English
1698,pen in,acorralar/confinar ,English
1699,handily,convenientemente ,English
1700,plaice,flatfish/platija ,"place , similar a lenguado sole"
1701,gerbil ,gerbo/roedoe,English
1702,turmeric,cúrcuma ,English
1703,batchcooking,cook in large quantities ,English
1704,scarper,pirarse UK slang ,English
1705,spin doctor,mediador noticias ,English
1706,beholden to,indebted,English
1707,in one fell swoop,de un solo golpe,English
1708,flat out,without hesitation ,absolutely 
1709,portraiture ,retratística,English
1710,coroner,médico forense,English
1711,chipper,cheerful,English
1712,malfeasance ,actividad ilícita ,English
1713,Dalliance,flirteo,English
1714,hussy,"pícara, descocada",dated
1715,rambunctious ,"revoltoso, inquieto",English
1716,surmise,"conjeturar, hipotesis",English
1717,goad on,"provocar,incitar",English
1718,done for,"muerto,acabado",English
1719,unto,a/hacia/hasta,archaic
1720,pincushion ,alfiletero,para coser en muñeca 
1721,fawn over,adular ,be ingratiating 
1722,cloying,empalagoso ,English
1723,nous,inteligencia /perspicacia ,naus
1724,snazzy,elegante /vistoso ,clothed
1725,scrimp on,escatimar/economizar,English
1726,stultifying ,atrofiante ,English
1727,be privy to,al tanto de/informado ,English
1728,gad,wander/roam,English deambular
1729,gadabout,hombre de mundo,English
1730,tush,trasero,buttocks/colloquial
1731,deign ,dignarse a,condescend to give 
1732,gab,charlar,English
1733,chink,"ranura, rendija",a chink in your armour
1734,streamline,"optimizar, hacer más eficiente ",English
1735,disenfranchised from ,quitar el derecho,deprive
1736,take stock of ,evaluate situation ,English
1737,demurrer,objeccion ,English
1738,disenfranchise,hacer perder privilegios ,English
1739,denouement ,series finale,English
1740,contemptuous ,despectivo,English
1741,poly tunnel ,invernadero plástico ,English
1742,chew out,"reñir, echar bronca ",English
1743,raucous,"estridente, ruidoso, boisterous ",rocos
1744,kelp,alga marina ,English
1745,scorn,menosprecio ,English
1746,sullen,"lúgubre, deprimente ",English
1747,bootless,inútil (archaic),English
1748,to the brim,edge/brink full,English
1749,lather up,enjabonar,English
1750,beguiling ,encantador/seductor,English
1751,bigotry ,intolerancia ,English
1752,munch,masticar con energía ,English
1753,inquest ,"pesquisas, investigación ",to a death
1754,adjourn,"posponer, cancelar ",English
1755,trough,valle/depresión,traf/trof peaks and through
1756,accost,abordar/acercarse agresivamrnte,English
1757,That's the way the cookie crumbles,such is life,idiom
1758,scorn ,menospreciar ,English
1759,inane,pointless,English
1760,dunce ,zopenco ,English
1761,headlong,headfirst ,English
1762,a howl of protest,collocation ,protest
1763,inane,"silly, vano",English
1764,inane,"silly, vano",English
1765,out of print ,fuera de circulación ,English
1766,brunt ,"choque, embiste ",br^nt
1767,dupe,ingenuo/engañar,"diup, gullible"
1768,retch,"grave, arcadas(heave)",English
1769,jaded,"insensible, harto",English
1770,twat,genitales fem/imbecile ,English
1771,lunge at,embestir,English
1772,deckled paper,papel borde irregular ,English
1773,mush,papilla,u as un put
1774,eyeball,medir a ojo,English
1775,flimflam,swindle/engaño,English
1776,yelp,"aullar, gritar agudo",English
1777,grimy ,"mugriento, dirty",English
1778,facetiously ,de broma,English
1779,shaft ,"mango, Asta, hueco vertical",English
1780,burly,"fornido, corpulento ","sturdy, strong "
1781,acuity ,agudeza visual/mental,English
1782,drudgery,trabajo tedioso,English
1783,wrench,"dolor, tirón ",English
1784,gut-wrenching,"estremecedor, retuerce tripas",English
1785,giddy,embobado ,English
1786,admittedly ,cierto es que,English
1787,rabble,"chusma, turba ",English
1788,confounded,perplejo/confundido ,frustrado
1789,yoke,"yugo, control",English
1790,gunky,atascado ,clogged 
1791,beggar,empobrecer ,English
1792,auspicious ,favorable/propicio,English
1793,paltry,irrisorio,English
1794,off the beaten track,"unusual place, far from roads",English
1795,sear,"cauterizar, quemar",English
1796,trawler ,fishing boat with net,English
1797,provenance ,origen ,English
1798,unencumbered ,"burden less, free from liability ",English
1799,hector,intimidar ,harass
1800,spurn,"rechazar, desdeñar",English
1801,brill/brills,"wonderful, genial",English
1802,bear the brunt,"embiste, la peor parte",English
1803,bushel,"36l, medida/cesto",a bushel of apples
1804,wallop,golpetazo,English
1805,dewy-eyed,ojos llorosos ,English
1806,IRA ,fondo de pensiones ,(Roth)
1807,bleary-eyed ,soñoliento/adormilado ,English
1808,Put paid to,"arruinar,chafar",cause to end abruptly 
1809,get the better of,defeat sb,English
1810,glut,"exceso, saturación ",English
1811,poised for,preparado,English
1812,racketeer,estafador ,English
1813,bower,"cenador, pérgola ",shady leafy area 
1814,equity,capital ,English
1815,nick,cortar,English
1816,snip,cortar,English
1817,horsefly,tábano ,English
1818,dear,expensive ,English
1819,close but not cigar,"casi, pero sin éxito ",English
1820,ratchet,"llave de carraca, trinquete",English
1821,iffy,"dudoso, incierto",English
1822,"a hop, skip and a jump away",nearby,English
1823,at SBS beck and call,a la entera disposición ,English
1824,contraption,gadget,English
1825,fend for yourself,cope alone,English
1826,bump off,kill off/murder,English
1827,at the drop of a hat,a la minima,English
1828,anklet,tobillera joya,compression socks 
1829,the hiccups,hipo,English
1830,wile,"treta, artimaña ",English
1831,cheapskate,"tightwad,miser",stingy 
1832,bleary-eyed ,"ojos con sueño, ",English
1833,sleep,legaña,eye discharge
1834,legaña,sleep,English
1835,jibe with,"fit, corresponder",English
1836,heedlessly,"recklessly, inattentively",English
1837,Cognizant of,aware of,formal
1838,snag,enganchar,in a bramble 
1839,morass ,"swamp, montón ",English
1840,scramble to do,pelearse por/rapido,English
1841,cheesed off ,angry ,English
1842,cud,rumia/bolo alimenticio cow,ruminaring
1843,obeisance,obedience/obaysens,English
1844,brazen,"bold, without shame",English
1845,taxi rank,taxi stand/parada,English
1846,pound,perrera,English
1847,in the main,on the whole,English
1848,part and parcel ,essential ,English
1849,under your own steam ,"por tu cuenta, sin ayuda",English
1850,tear out of a place,leave in a hurry,English
1851,singeing ,chamuscando ,English
1852,sleuth,"detective, sabueso",English
1853,cockeyed ,"bizco, absurdo/ no cuadra ",English
1854,dowager,viuda rica,deualler
1855,high beams,luces largas ,English
1856,feckless ,"inútil, ineficaz ",English
1857,forbearing ,"calmo, paciente",English
1858,rickets,raquitismo/vitamin deficiency ,English
1859,fly coach,economy class,English
1860,trenchantly ,"mordazmente, strong","opinión, views"
1861,scabbard,sheath/vaina/funda,English
1862,dither,"titubear, vacilar ",hesitate
1863,pliancy,"docilidad, sumisión ",flexible 
1864,coddle,"mimar, consentir ",pamper
1865,incumbency,"responsabilidad, incumbencia ",English
1866,go into a tailspin ,caer en picado,English
1867,tut,disapproving noise,English
1868,quern,molinillo de mano,dated
1869,raze,demolish ,English
1870,fledgling ,"novato, principiante ",English
1871,hanker for,"anhelar, tener ganas",for/after
1872,knave,"dishonest, truhan",dated
1873,wizened ,wrinkled,English
1874,snark,sarcasmo,English
1875,nimbleness,"agilidad, adaptabilidad ",English
1876,valiance,coraje,English
1877,pigsty,"pocilga, ",English
1878,have a run-in,"serious argument, fight",English
1879,let up,"aflojar, parar, give up",English
1880,here's the real kicker,lo raro/sorpresa,Hidden disadvantage /idiom
1881,terse,"brusco, cortante",English
1882,founder,sink,verb
1883,acrimony,acritud/bitterness ,English
1884,swamp,"inundar, anegar",English
1885,moon,"hacer un calvo, enseñar el culo",English
1886,scepter,cetro,English
1887,a knock-on effect,"secondary,indirect",English
1888,arraign,"procesar, juzgar",English
1889,arraignment ,lectura de cargos judc,English
1890,nab,steal,English
1891,loafer,mocasin,English
1892,upchuck,vomitar,English
1893,touch base ,establecer contacto,English
1894,chew out,echar bronca,/get chewed out
1895,aight/ought,anything (archaic),English
1896,morose ,"taciturno, malhumorado ",merús
1897,besotted with,"infatuated, enamorado",by
1898,despondent ,abatido ,English
1899,grassroots ,las bases(miembros),English
1900,frail around,"thrash about, revolvers e",English
1901,DEI  ,"diversity, equity, inclusion",eg. candidate
1902,unassailable ,inatacable ,English
1903,as it is cracked up to be,as it is expected,Idiom
1904,swanky,"estiloso, fashionable ",English
1905,germane,pertinente ,English
1906,thuggery,vandalism ,English
1907,do in,acabr con/agotar,English
1908,snippy,"brusco,borde",English
1909,pylon,torre de energía,power mast
1910,hold up a bank,robar un banco ,English
1911,flake out,"plantarse, dejar colgado, fallar",English
1912,price gouging,aumento de precios neg,English
1913,jump the gun ,precipitarse ,English
1914,chump,tonto del culo,English
1915,fiendishly,diabolicamente,fiii
1916,extraneous information ,superfluous ,English
1917,windfall,dinero caido del cielo,English
1918,bereft of,"despojado de , desprovisto ",English
1919,keepsake,"recuerdo, objeto souvenir",English
1920,hitch,"hurdle, obstacle",English
1921,wry,"retorcida, doblada","a wry nose, wry comedy"
1922,limber up,warm up/calentar,English
1923,a dressing-down,reprimenda,English
1924,raunchy,"obscene, sexually explicit ",English
1925,measly,"meager, escaso, ínfimo ",English
1926,disparage,hablar mal de,English
1927,gobbledygook ,galimatias/difficult ,English
1928,gainly ,convenientemente/graceful,English
1929,whet appetites ,abrir apetito/afilar,English
1930,slump,desplomarse,English
1931,a smidgen of,poquito ,English
1932,off-kilter,desequilibrado/excéntrico ,English
1933,bb gun,ball bearing gun,pistola de perdigones 
1934,romp around,divirtiéndose ,English
1935,shed light on,proyectar ,English
1936,callow,"inexperto, novice",English
1937,wintry ,de invierno ,English
1938,eviscerated ,"destripado, destruido",English
1939,sprout up,grow,English
1940,egregious,"flagrante, atroz",English
1941,on the face of it,a primera vista ,English
1942,curdle,cuajar,English
1943,bloodcurdling ,hiela la sangre,English
1944,poised to,"ready, about to",English
1945,hackneyed ,"trillado, cliche",hak ni
1946,tweaker,"drogadicto, yonki",English
1947,buxom,"tetona, pechugona ",belson
1948,cajole,"engatusar, embaucar",English
1949,besought,past of beseech,suplicar
1950,reel,tambalearse,English
1951,mongrel,"cruce, mestizo",English
1952,twiddle your thumbs,do nothing ,English
1953,deposition,"declaración, juicio ",English
1954,carabiner,mosquetón de cadena,cara'biiner
1955,proffering,ofreciendo,English
1956,gnash,grind,teeth
1957,prescient,profético ,English
1958,bedsit ,"estudio, apartamento pequeño ",English
1959,naff,pasado de moda uk,English
1960,a hoot,fun/funny,Idiom
1961,crumple,arrugar,English
1962,squash,aplastar ,English
1963,turn in ,meterse en la cama,Phrasal verb
1964,a cinch,pan comido ,English
1965,decry,"denunciar, condenar",English
1966,knock-off,"copia, imitación ",English
1967,swanky ,"pijo, sofisticado ",swanky flat
1968,hump day,wednesday ,English
1969,barmy,crazy uk,English
1970,zip tie ,brida/zipper tie,English
1971,heed,"acatar, prestar atención ",also heedless negligence 
1972,chancy,risky ,English
1973,lashings of,lots of ,English
1974,rickshaw,"bicitaxi, carrito",English
1975,snooty,"snobbish, prepotente",uk
1976,jet,azabache ,English
1977,the bee's knees,outstanding ,English
1978,discombobulated ,confused,English
1979,bespoke,"custom-made, a medida",English
1980,shill,"cómplice, embaucador",English
1981,shill,"cómplice, embaucador",English
1982,shill,"cómplice, embaucador",English
1983,shill,"cómplice, embaucador",English
1984,shill,"cómplice, embaucador",English
1985,WFH,work from home,English
1986,scramble to do,apresurarse para con caos,English
1987,up to scratch ,"good enough, satisfactory ",English
1988,needs must,sí la necesidad aprieta,English
1989,tongue-in-cheek,con ironía ,English
1990,swimmingly ,de mil maravillas ,English
1991,upkeep,mantenimiento ,costes
1992,joist,viga trasversal,English
1993,waders,botas pescador/,tall rubber boots
1994,smitten,afligido/afectado,enamorado
1995,gripe about,"queja, molestia, quejarse",English
1996,clunky ,"torpe, inadecuado ",English
1997,jut out,"protrudes, sticks out",English
1998,pass up,miss out on,English
1999,at cross purposes with ,at odds with,English
2000,snazzy ,"elegante, flashy ",English
2001,nous,"/naus/ inteligencia, sentido común ",English
2002,stack up against,compare,/with
2003,flunk out of,suspender asignatura,English
2004,dupe into,engañar,English
2005,dun,apremiar para pagar deuda,/dunned
2006,bee's knees ,genial,English 
2007,adroit ,dextrous /skilful/habil,English 
2008,duck out,escabullirse ,English 
2009,foolhardy ,reckless,English 
2010,garralous ,talkative ,English
2011,prowler,mereodeador,English
2012,collard,repollo/berza,Collard greens
2013,gullet,garganta/esófago ,English
2014,bust up,romper en trozos,English
2015,aloft,en lo alto/aire,English
2016,cooties,piojos,English
2017,begrudge ,lamentar/envidiar,English 
2018,guilelessness ,ingenuidad ,English 
2019,douse ,empapar ,English 
2020,obstreperous ,alborotador,English 
2021,take umbrage at,coger resentimiento ,English
2022,skull around,esconderse merodear ,English 
2023,browbeat,"intimidar, coerce",brau
2024,gorse,toxo,go:s
2025,reeling,tambaleado /shocked ,English
2026,nadir,low point op apogee/zenith,neidier
2027,gander,male goose/take a gander,echar un vistazo 
2028,larceny,theft,English
2029,protractor,portaángulos,math tool
2030,uncurbed,sin restricciones . adj,"unlimited, unrestricted"
2031,woolgathering,"ensoñación, embobado",daydreaming
2032,in a bind,en un apuro,in trouble
2033,briar,zarza,thorny plant
2034,shuck,"desbullar, descascar, desvainar","oyster, peas"
2035,bristle wirh,plagado de/lleno,"puas, full of"
2036,grisly,"horripilante, macabro",grim
2037,churn rate,tasa de cancelación,"cancelar, mantequilla batir"
2038,up the ante,increase idiom,incrementar más allá
2039,wench,muchacha,"young woman, dated"
2040,assize,audiencia jurídica,dated
2041,broker,negociar un trato,a deal
2042,lard,pork fat,grasa
2043,haddock,abadejo,fish
2044,makeshift,sustituto temporal,"adj,apaño temporal"
2045,humdinger,una pasada,"AE dated, noun"
2046,double whammy,dos por uno,vamos para bingo
2047,SNA,orientador,"Special Needs Assistant, apoyo"
2048,acme,punto algido,"pinnacle, summit"
2049,cobbler,zapatero,shoemaket